<?xml version="1.0" encoding="UTF-8"?>

<rage__ControlInput__ControlSettings>
  <Mappings>
    <Item>
      <Input>INPUT_VEH_FLY_ATTACK</Input>
      <Source>IOMS_KEYBOARD</Source>
      <Parameters>
        <Item>KEY_SPACE</Item>
      </Parameters>
    </Item>
    <Item>
      <Input>INPUT_VEH_FLY_ATTACK</Input>
      <Source>IOMS_MOUSE_BUTTON</Source>
      <Parameters>
        <Item>MOUSE_LEFT</Item>
      </Parameters>
    </Item>
    <Item>
      <Input>INPUT_VEH_FLY_MOUSE_CONTROL_OVERRIDE</Input>
      <Source>IOMS_MOUSE_BUTTON</Source>
      <Parameters>
        <Item>MOUSE_RIGHT</Item>
      </Parameters>
    </Item>
  </Mappings>
</rage__ControlInput__ControlSettings>